order,wp_location,word,test_id,response,error_code,potentiophone
172,NA,hatiberai,pw,apit*-b*rE,0,0
183,NA,troche,pw,tr@S,0,0
192,NA,gaise,pw,dZel,0,0
198,NA,ibole,pw,1bol,0,0
200,NA,miatre,pw,martrii,0,0
200,NA,miatre,pw,minZatr*,0,0
41,NA,suave,sw,swav,0,0
44,NA,client,sw,kliN,0,0
56,NA,slave,sw,slEv,0,0
106,NA,teint,sw,t*ni@,0,0
120,NA,aisance,sw,asj@s,0,0
149,NA,fiable,sw,film@,0,0
220,0,liège,wp,liZ*ri,0,0
229,1,folle,wp,foj,0,0
269,1,sauve,wp,sovaj,0,0
221,1,singe,wp,sjEz,adom,0
95,NA,boulette,sw,buEt,adom/cod,0
246,0,gris,wp,Zi,adom/com,0
176,NA,spil,pw,spi,adom/rneg,0
231,1,reins,wp,r,adom/rneg,0
232,0,mont,wp,mo,adom/rneg,0
247,1,iras,wp,ir,adom/rneg,0
253,1,brève,wp,brE,adom/rneg,0
165,NA,pocile,pw,polil,bod,0
168,NA,géont,pw,Zenon,bod,0
170,NA,pourte,pw,purtr*,bod,0
171,NA,blacon,pw,bl@k§,bod,0
172,NA,hatiberai,pw,atib*tre,bod,0
172,NA,hatiberai,pw,abib*re,bod,0
173,NA,voclan,pw,vlokl@,bod,0
173,NA,voclan,pw,volkl@,bod,0
176,NA,spil,pw,splil,bod,0
177,NA,catron,pw,kartr§,bod,0
179,NA,matreau,pw,martro,bod,0
185,NA,batiller,pw,batirle,bod,0
188,NA,proc,pw,poro,bod,0
190,NA,fotre,pw,fortr,bod,0
190,NA,fotre,pw,fortr*,bod,0
190,NA,fotre,pw,frotr,bod,0
191,NA,pulbic,pw,pylblik,bod,0
193,NA,reprati,pw,r*prarti,bod,0
193,NA,reprati,pw,r*pratri,bod,0
195,NA,quafilie,pw,kalfili,bod,0
196,NA,socrier,pw,skokrije,bod,0
196,NA,socrier,pw,sorkrije,bod,0
196,NA,socrier,pw,sorkrje,bod,0
196,NA,socrier,pw,sorsrie,bod,0
199,NA,virtail,pw,virtraj,bod,0
199,NA,virtail,pw,vartaj,bsub,0
200,NA,miatre,pw,miratr*,bod,0
200,NA,miatre,pw,mjartr*,bod,0
6,NA,scie,sw,sjEs,bod,0
15,NA,patient,sw,p@sj@,bod,0
27,NA,linge,sw,l5N,bod,0
38,NA,cracher,sw,SraSe,bod,0
57,NA,pincera,sw,pr5s*ra,bod,0
110,NA,cale,sw,klal,bod,0
119,NA,écho,sw,eSok,bod,0
120,NA,aisance,sw,asis@s,bod,0
129,NA,édition,sw,dedit§,bod,0
132,NA,pari,sw,parir,bod,0
144,NA,agile,sw,aglil,bod,0
149,NA,fiable,sw,fiEbl,bod,0
160,NA,pelure,sw,pErlyr,bod,0
289,1,luit,wp,l8il,bod,0
63,NA,paire,sw,prari,bod_bvod,0
107,NA,cirer,sw,sirsi,bod_bvod_rneg/vomcom,0
177,NA,catron,pw,karpr§,bod_cod,0
196,NA,socrier,pw,sorkri,bod_com,0
120,NA,aisance,sw,anis@,bod_com,0
196,NA,socrier,pw,skokri,bod_grv/rneg,0
60,NA,rogner,sw,r§Ne,bod_vad,0
198,NA,ibole,pw,oboli,bod_vvlp,0
193,NA,reprati,pw,reprarti,bod/cod,0
35,NA,marcherions,sw,maSr§,bom,0
36,NA,canton,sw,kat§,bom,0
36,NA,canton,sw,katr§,bom_cod/cad,0
17,NA,pantin,sw,patj5,bom_vod,0
167,NA,lagne,pw,lagl,bsub,0
172,NA,hatiberai,pw,abib*rE,bsub,0
184,NA,glabe,pw,blab,bsub,0
199,NA,virtail,pw,viltaj,bsub,0
37,NA,tentait,sw,t@t5,bsub,0
75,NA,rebondirons,sw,r*b§si§,bsub,0
128,NA,délivrer,sw,derivre,bsub,0
184,NA,glabe,pw,blad,bsub_sim,0
191,NA,pulbic,pw,pylpik,bsub/sim,0
172,NA,hatiberai,pw,atibErE,bvod,0
176,NA,spil,pw,sipil,bvod,0
185,NA,batiller,pw,batElie,bvod,0
200,NA,miatre,pw,miEtr,bvod,0
56,NA,slave,sw,salav,bvod,0
67,NA,magner,sw,maZ*ne,bvod,0
72,NA,glisserai,sw,glisasaseri,bvod,0
75,NA,rebondirons,sw,r@b§dir§,bvod,0
84,NA,poêle,sw,pwElE,bvod,0
97,NA,grade,sw,garad,bvod,0
108,NA,trier,sw,tirje,bvod,0
144,NA,agile,sw,EZil,bvod,0
161,NA,calque,sw,kal*k*,bvod,0
285,1,vise,wp,vizi,bvod,0
286,0,paire,wp,pEri,bvod,0
197,NA,moigre,pw,mwaZi,bvod_com/rneg,0
77,NA,voilent,sw,vwali@,bvod_sml,0
77,NA,voilent,sw,vwalj@,bvod_sml,0
198,NA,ibole,pw,ibwal,bvod_vad,0
201,NA,rabio,pw,roboi,bvod_vvlp,0
41,NA,suave,sw,syov,bvod/vad,0
148,NA,placer,sw,palase,bvod/vad,0
193,NA,reprati,pw,r*prEti,bvod/vod/vad,0
195,NA,quafilie,pw,kafil,bvom,0
199,NA,virtail,pw,virtal,bvom,0
182,NA,éballon,pw,abal§,bvsub,0
185,NA,batiller,pw,batiji,bvsub,0
193,NA,reprati,pw,r*trati,bvsub,0
19,NA,cesse,sw,sese,bvsub,0
36,NA,canton,sw,k§t§,bvsub,0
67,NA,magner,sw,meNe,bvsub,0
194,NA,mantou,pw,m§t§,bvsub_sim/bod,0
77,NA,voilent,sw,vwalj5,bvsub_sml,0
181,NA,dummage,pw,dyrmaZ,cad,0
192,NA,gaise,pw,grEz,cad,0
195,NA,quafilie,pw,kafilje,cad,0
195,NA,quafilie,pw,kafilir,cad,0
197,NA,moigre,pw,mwagre,cad,0
198,NA,ibole,pw,imol,cad,0
38,NA,cracher,sw,kr@Se,cad,0
126,NA,ces,sw,sep,cad,0
160,NA,pelure,sw,s*lyr,cad,0
205,1,vase,wp,vars,cad,0
214,0,cape,wp,baZ,cad,0
214,0,cape,wp,k@p,cad,0
219,1,pois,wp,pw5,cad,0
220,0,liège,wp,l5j,cad,0
258,0,fixa,wp,miksa,cad,0
267,1,verse,wp,fErs,cad,0
276,0,boude,wp,fud,cad,0
278,0,fend,wp,fr@,cad,0
289,1,luit,wp,fl8i,cad,0
115,NA,écrire,sw,etri,cad_bom,0
214,0,cape,wp,karap,cad_bvod/vad,0
106,NA,teint,sw,si5,cad_clp,0
164,NA,noveau,pw,nobr*,cad_cod_rneg,0
195,NA,quafilie,pw,mafil,cad_rneg,0
144,NA,agile,sw,agrij,cad_sml,0
120,NA,aisance,sw,ars§,cad_vom_vsub_com,0
289,1,luit,wp,fy,cad_vom/adom/rneg,0
260,0,manie,wp,manZa,cad_vsub,0
67,NA,magner,sw,m@Ne,cad/bod,0
172,NA,hatiberai,pw,artib*rE,cad/cod,0
154,NA,quatorze,sw,katolrz,cad/cod,0
200,NA,miatre,pw,minjatr*,cad/cod_bod/vad,0
183,NA,troche,pw,droS,cad/cvoice,0
162,NA,arbi,pw,abi,com,0
192,NA,gaise,pw,kras,0,1
192,NA,gaise,pw,trEz,0,1
50,NA,sens,sw,s@S,0,1
104,NA,présent,sw,prezid@,0,1
118,NA,savant,sw,saj@,0,1
129,NA,édition,sw,id@tite,0,1
130,NA,larguer,sw,l@g*re,0,1
145,NA,lueur,sw,lue,0,1
151,NA,aspect,sw,absE,0,1
155,NA,oignon,sw,§z,0,1
158,NA,dix,sw,lis,0,1
225,1,vivre,wp,f*ra,0,1
229,1,folle,wp,f*j,0,1
254,0,fous,wp,fEr,0,1
256,0,masse,wp,m5s,0,1
256,0,masse,wp,p*r,0,1
267,1,verse,wp,rus*,0,1
269,1,sauve,wp,saZ,0,1
287,1,foire,wp,fol,0,1
288,0,fait,wp,sale,0,1
233,1,sent,wp,sEt,adom,1
264,0,fois,wp,fo,adom,1
271,1,mine,wp,mi,adom,1
281,1,vendu,wp,v*ny,adom,1
283,1,perte,wp,pEr,adom,1
287,1,foire,wp,fwa,adom,1
38,NA,cracher,sw,kaSe,adom/bom,1
108,NA,trier,sw,tri,adom/mor/rneg,1
202,0,balle,wp,ba,adom/rneg,1
204,0,bise,wp,bi,adom/rneg,1
205,1,vase,wp,va,adom/rneg,1
207,1,sers,wp,se,adom/rneg,1
207,1,sers,wp,s*,adom/rneg,1
230,0,peine,wp,pE,adom/rneg,1
231,1,reins,wp,r*,adom/rneg,1
241,1,rime,wp,ri,adom/rneg,1
255,1,tour,wp,tu,adom/rneg,1
282,0,vente,wp,v@,adom/rneg,1
60,NA,rogner,sw,groNe,bod,1
108,NA,trier,sw,trist,bod_cod,1
120,NA,aisance,sw,asist@s,bod_cod,1
120,NA,aisance,sw,asiz,bod_rneg,1
146,NA,baiser,sw,brazie,bod_vlp,1
162,NA,arbi,pw,arbr,bod_vom,1
6,NA,scie,sw,sis,bod/vlp,1
17,NA,pantin,sw,pat5,bom,1
35,NA,marcherions,sw,maS*rij§,bom,1
37,NA,tentait,sw,t*nE,bom,1
89,NA,pensant,sw,pas@,bom,1
116,NA,portrait,sw,portE,bom,1
145,NA,lueur,sw,lye,bom,1
225,1,vivre,wp,vir,bom,1
58,NA,montagne,sw,m§taZ,bom_gr,1
17,NA,pantin,sw,patin,bom_grv,1
35,NA,marcherions,sw,maS*r§,bom_vom,1
89,NA,pensant,sw,p@sa,bom/mor,1
115,NA,écrire,sw,ekri,bom/mor/rneg,1
132,NA,pari,sw,papi,bsub,1
233,1,sent,wp,s@s,bsub,1
241,1,rime,wp,rir,bsub,1
260,0,manie,wp,mami,bsub,1
264,0,fois,wp,swa,bsub,1
271,1,mine,wp,mim,bsub,1
164,NA,noveau,pw,nuvo,bvod,1
10,NA,maire,sw,mEri,bvod,1
22,NA,piler,sw,pilie,bvod,1
22,NA,piler,sw,pilje,bvod,1
49,NA,pire,sw,prir,bvod,1
83,NA,coule,sw,kul*r,bvod_cod,1
145,NA,lueur,sw,l*r,bvom,1
92,NA,mairie,sw,mEr,bvom/rneg/sem,1
271,1,mine,wp,mini,bvsub,1
36,NA,canton,sw,kot§,bvsub_bom,1
153,NA,accident,sw,asist@,bvsub_cvoice,1
57,NA,pincera,sw,p5s*rE,bvsub/mor,1
57,NA,pincera,sw,p5s*re,bvsub/mor,1
22,NA,piler,sw,p*le,bvsub/vad,1
186,NA,truche,pw,bryS,cad,1
4,NA,race,sw,raz,cad,1
10,NA,maire,sw,mEgr,cad,1
20,NA,bille,sw,bije,cad,1
25,NA,doigt,sw,drwa,cad,1
30,NA,volé,sw,kole,cad,1
36,NA,canton,sw,kart§,cad,1
64,NA,varie,sw,varie,cad,1
64,NA,varie,sw,varje,cad,1
64,NA,varie,sw,mari,cad,1
68,NA,mais,sw,m5,cad,1
68,NA,mais,sw,mEn,cad,1
68,NA,mais,sw,maj,cad,1
78,NA,roue,sw,rus,cad,1
83,NA,coule,sw,pul,cad,1
97,NA,grade,sw,gr@d,cad,1
111,NA,pipe,sw,pik,cad,1
138,NA,lange,sw,larZ,cad,1
144,NA,agile,sw,arZil,cad,1
147,NA,galet,sw,bale,cad,1
202,0,balle,wp,baz,cad,1
203,1,selle,wp,sEr,cad,1
205,1,vase,wp,baz,cad,1
205,1,vase,wp,val,cad,1
210,0,serra,wp,sEl,cad,1
210,0,serra,wp,vEra,cad,1
212,0,malle,wp,bal,cad,1
214,0,cape,wp,pap,cad,1
220,0,liège,wp,l5Z,cad,1
220,0,liège,wp,ljEn,cad,1
223,1,peux,wp,p*r,cad,1
224,0,litre,wp,livr*,cad,1
224,0,litre,wp,livr,cad,1
225,1,vivre,wp,livre,cad,1
225,1,vivre,wp,vitr,cad,1
225,1,vivre,wp,vitr*,cad,1
227,1,sois,wp,sw5,cad,1
232,0,mont,wp,s§,cad,1
234,0,aire,wp,pEr,cad,1
236,0,aime,wp,Er,cad,1
236,0,aime,wp,arm,cad,1
238,0,bout,wp,tu,cad,1
240,0,lame,wp,larm,cad,1
243,1,sais,wp,s5,cad,1
244,0,note,wp,notr,cad,1
244,0,note,wp,notr*,cad,1
251,1,foule,wp,bul,cad,1
251,1,foule,wp,kul,cad,1
252,0,grave,wp,gras,cad,1
252,0,grave,wp,brav,cad,1
254,0,fous,wp,tu,cad,1
254,0,fous,wp,fur,cad,1
254,0,fous,wp,tur,cad,1
255,1,tour,wp,fur,cad,1
256,0,masse,wp,kas,cad,1
257,1,cesse,wp,sEl,cad,1
259,1,file,wp,fiks,cad,1
260,0,manie,wp,manZe,cad,1
266,0,verra,wp,fEra,cad,1
266,0,verra,wp,sEra,cad,1
268,0,faute,wp,sot,cad,1
270,0,fini,wp,mini,cad,1
273,1,pire,wp,pil,cad,1
275,1,bosse,wp,bros,cad,1
276,0,boude,wp,kud,cad,1
277,1,coule,wp,kud,cad,1
278,0,fend,wp,r@,cad,1
279,1,rond,wp,f§,cad,1
279,1,rond,wp,k§,cad,1
280,0,rends,wp,f@,cad,1
280,0,rends,wp,v@,cad,1
281,1,vendu,wp,f@dy,cad,1
281,1,vendu,wp,r@dy,cad,1
282,0,vente,wp,f@t,cad,1
283,1,perte,wp,p@t,cad,1
286,0,paire,wp,fEr,cad,1
287,1,foire,wp,pwar,cad,1
288,0,fait,wp,lE,cad,1
288,0,fait,wp,le,cad,1
289,1,luit,wp,f8i,cad,1
39,NA,crique,sw,kritik,cad_bvod,1
22,NA,piler,sw,bije,cad_gemod/sim,1
192,NA,gaise,pw,grEs,cad_sml,1
97,NA,grade,sw,gr@,cad_sml,1
266,0,verra,wp,f*ra,cad_sml,1
165,NA,pocile,pw,fasil,cad_vad,1
37,NA,tentait,sw,k§te,cad_vad,1
103,NA,patrie,sw,prEri,cad_vad,1
222,0,doux,wp,swa,cad_vad,1
237,1,armé,wp,Em,cad_vad,1
239,1,toit,wp,bul,cad_vad,1
283,1,perte,wp,v@tr,cad_vad_clp,1
108,NA,trier,sw,sire,cad_vad/vlp,1
107,NA,cirer,sw,trije,cad_vlp,1
223,1,peux,wp,p*ti,cad_vod,1
64,NA,varie,sw,parE,cad_vom,1
236,0,aime,wp,an,cad_vom_com,1
37,NA,tentait,sw,k§tE,cad_vsub,1
224,0,litre,wp,livre,cad_vsub,1
260,0,manie,wp,manije,cad_vsub,1
260,0,manie,wp,manje,cad_vsub,1
20,NA,bille,sw,brij,cad/cod,1
265,1,mais,wp,m5,cad/csub,1
74,NA,partons,sw,pard§,cad/cvoice,1
97,NA,grade,sw,grat,cad/cvoice,1
268,0,faute,wp,vot,cad/cvoice,1
278,0,fend,wp,v@,cad/cvoice,1
90,NA,finie,sw,finir,cad/mor,1
110,NA,cale,sw,kale,cad/mor,1
283,1,perte,wp,pErd,cad/mor,1
88,NA,clamer,sw,klas,cad/mor_rneg,1
22,NA,piler,sw,bile,cad/sim,1
222,0,doux,wp,pu,cad/sim,1
238,0,bout,wp,pu,cad/sim,1
163,NA,flache,pw,faS,clom,1
170,NA,pourte,pw,put,clom,1
173,NA,voclan,pw,vol@,clom,1
99,NA,porche,sw,poS,clom,1
197,NA,moigre,pw,mor,clom_vom,1
199,NA,virtail,pw,vital,clom_vom,1
162,NA,arbi,pw,abri,clp,1
165,NA,pocile,pw,polis,clp,1
170,NA,pourte,pw,putr,clp,1
170,NA,pourte,pw,putr*,clp,1
172,NA,hatiberai,pw,abit*rE,clp,1
173,NA,voclan,pw,volk@,clp,1
176,NA,spil,pw,slip,clp,1
177,NA,catron,pw,kart§,clp,1
179,NA,matreau,pw,marto,clp,1
187,NA,ovile,pw,oliv,clp,1
190,NA,fotre,pw,fort,clp,1
191,NA,pulbic,pw,pyblik,clp,1
195,NA,quafilie,pw,kalifi,clp,1
196,NA,socrier,pw,sorsie,clp,1
196,NA,socrier,pw,sorsje,clp,1
8,NA,orge,sw,ogr,clp,1
8,NA,orge,sw,ogr*,clp,1
27,NA,linge,sw,liN,clp,1
39,NA,crique,sw,sirk,clp,1
69,NA,ruse,sw,syr,clp,1
74,NA,partons,sw,patr§,clp,1
103,NA,patrie,sw,parti,clp,1
221,1,singe,wp,siN,clp,1
196,NA,socrier,pw,sorsiEr,clp_bod,1
43,NA,automne,sw,otonom,clp_bvod,1
267,1,verse,wp,sert,clp_cad,1
191,NA,pulbic,pw,pybli,clp_com/rneg,1
117,NA,ration,sw,rEz§,clp_csub,1
172,NA,hatiberai,pw,abit*ra,clp_grv,1
151,NA,aspect,sw,aksEpt,clp_vlp,1
237,1,armé,wp,mar,clp_vom,1
12,NA,signe,sw,s5Z,clp/gr,1
60,NA,rogner,sw,r§Ze,clp/gr,1
67,NA,magner,sw,m@Ze,clp/gr,1
60,NA,rogner,sw,r§Z*r,clp/gr_grv,1
267,1,verse,wp,sErv,clp/sem,1
163,NA,flache,pw,fl@S,cod,1
6,NA,scie,sw,siEl,cod,1
118,NA,savant,sw,salv@,cod,1
126,NA,ces,sw,sEr,cod,1
132,NA,pari,sw,parti,cod,1
135,NA,pale,sw,parl*,cod,1
147,NA,galet,sw,gal@,cod,1
204,0,bise,wp,briz,cod,1
216,0,peur,wp,pl*r,cod,1
217,1,poux,wp,pru,cod,1
219,1,pois,wp,pwal,cod,1
223,1,peux,wp,pn*,cod,1
230,0,peine,wp,plEn,cod,1
256,0,masse,wp,mars,cod,1
286,0,paire,wp,plEr,cod,1
132,NA,pari,sw,partir,cod_bod,1
190,NA,fotre,pw,flor,cod_com,1
267,1,verse,wp,travErs,cod_vod,1
230,0,peine,wp,pl5,cod_vom,1
36,NA,canton,sw,S@t§,cod/cad,1
190,NA,fotre,pw,fot*,com,1
15,NA,patient,sw,pat5,com,1
22,NA,piler,sw,piEr,com,1
56,NA,slave,sw,sav,com,1
77,NA,voilent,sw,vwa,com,1
103,NA,patrie,sw,pati,com,1
161,NA,calque,sw,kale,com_cad/vsub,1
76,NA,librairie,sw,libErE,com_cod,1
108,NA,trier,sw,tise,com_cod,1
32,NA,frime,sw,fil,com_csub/cad,1
191,NA,pulbic,pw,pyb,com_rneg,1
199,NA,virtail,pw,vit,com_rneg,1
165,NA,pocile,pw,poli,com_vlp,1
103,NA,patrie,sw,par,com_vom,1
114,NA,emmener,sw,Eme,com_vom,1
124,NA,repartira,sw,r*parti,com_vom,1
35,NA,marcherions,sw,maSwar,com_vom_clp_rneg,1
39,NA,crique,sw,krije,com_vsub,1
283,1,perte,wp,pEr*,com/adom,1
190,NA,fotre,pw,for,com/clp_mor,1
178,NA,gruse,pw,rys,com/rneg,1
8,NA,orge,sw,or,com/rneg,1
83,NA,coule,sw,ku,com/rneg,1
117,NA,ration,sw,rasio,com/rneg,1
122,NA,brise,sw,bri,com/rneg,1
122,NA,brise,sw,brij,com/rneg,1
138,NA,lange,sw,l@,com/rneg,1
216,0,peur,wp,p*,com/rneg,1
231,1,reins,wp,rE,com/rneg,1
242,0,soin,wp,swa,com/rneg,1
267,1,verse,wp,vEr,com/rneg,1
268,0,faute,wp,fo,com/sem/rneg,1
22,NA,piler,sw,pjEr,com/sml,1
171,NA,blacon,pw,blaz§,csub,1
171,NA,blacon,pw,glas§,csub,1
192,NA,gaise,pw,bEz,csub,1
4,NA,race,sw,fas,csub,1
15,NA,patient,sw,pasj@s,csub,1
27,NA,linge,sw,s5Z,csub,1
52,NA,gare,sw,bar,csub,1
60,NA,rogner,sw,roSe,csub,1
84,NA,poêle,sw,poEm,csub,1
87,NA,tant,sw,t@k,csub,1
89,NA,pensant,sw,p@d@,csub,1
98,NA,gens,sw,s@,csub,1
108,NA,trier,sw,prie,csub,1
143,NA,criant,sw,klij@,csub,1
161,NA,calque,sw,kalm,csub,1
217,1,poux,wp,tu,csub,1
241,1,rime,wp,riS,csub,1
256,0,masse,wp,vas,csub,1
257,1,cesse,wp,sEt,csub,1
278,0,fend,wp,s@,csub,1
108,NA,trier,sw,pri,csub_com,1
266,0,verra,wp,s*ra,csub_sml,1
9,NA,enfer,sw,@f@,csub_vsub,1
180,NA,corque,pw,kord,csub/sim,1
37,NA,tentait,sw,t@dE,cvoice,1
248,0,ferai,wp,v*rE,cvoice,1
184,NA,glabe,pw,kabl,cvoice_clp,1
80,NA,prie,sw,bri,cvoice_sim,1
192,NA,gaise,pw,kEs,cvoice_sml,1
288,0,fait,wp,vwar,cvoice_vad,1
248,0,ferai,wp,v*ra,cvoice_vad/mor,1
264,0,fois,wp,vwa,cvoice/cad,1
178,NA,gruse,pw,kr*z,cvoice/cad_vsub,1
17,NA,pantin,sw,p@d@,cvoice/csub_vsub/vad,1
66,NA,chandail,sw,S@tal,cvoice/csub/cad_grv/vom,1
122,NA,brise,sw,priz,cvoice/sim,1
91,NA,poison,sw,bwas§,cvoice/sim_sml,1
259,1,file,wp,fij,gemod,1
19,NA,cesse,sw,sEz,gemom,1
20,NA,bille,sw,bil,gemom,1
213,1,bille,wp,bil,gemom,1
213,1,bille,wp,bil*,gemom_sml,1
20,NA,bille,sw,bile,gemom_vsub,1
22,NA,piler,sw,pije,gmod,1
183,NA,troche,pw,trok,gr,1
186,NA,truche,pw,tryk,gr,1
189,NA,scolle,pw,kol,gr,1
189,NA,scolle,pw,sol,gr,1
27,NA,linge,sw,ling,gr,1
38,NA,cracher,sw,krake,gr,1
67,NA,magner,sw,magNe,gr,1
167,NA,lagne,pw,l@Z,gr/clp,1
11,NA,chacun,sw,Sakyn,grv,1
57,NA,pincera,sw,pins*ra,grv,1
66,NA,chandail,sw,S@dEl,grv,1
106,NA,teint,sw,t@,grv,1
127,NA,ail,sw,El,grv,1
217,1,poux,wp,po,grv,1
68,NA,mais,sw,mais,grv_sml,1
106,NA,teint,sw,t@t,grv_sml,1
265,1,mais,wp,mais,grv_sml,1
94,NA,cousin,sw,kuzin,grv/mor,1
72,NA,glisserai,sw,glis*ra,grv/mor/rneg,1
219,1,pois,wp,po,grv/rneg,1
265,1,mais,wp,ma,grv/rneg,1
289,1,luit,wp,ly,grv/rneg,1
46,NA,sien,sw,s5,grv/vlp/vom,1
44,NA,client,sw,kl5,grv/vom,1
146,NA,baiser,sw,baze,grv/vom,1
9,NA,enfer,sw,fEr,lneg,1
159,NA,geler,sw,El,lneg_rneg,1
269,1,sauve,wp,vo,lneg_vlp,1
176,NA,spil,pw,pil,lneg/com,1
120,NA,aisance,sw,s@s,lneg/vom,1
54,NA,directeur,sw,dirEkt*m@,mor,1
75,NA,rebondirons,sw,r*b§dire,mor,1
75,NA,rebondirons,sw,r*b§dise,mor,1
77,NA,voilent,sw,vwale,mor,1
89,NA,pensant,sw,p@se,mor,1
128,NA,délivrer,sw,delivr*ra,mor,1
141,NA,renifle,sw,r*nifle,mor,1
143,NA,criant,sw,krie,mor,1
213,1,bille,wp,bije,mor,1
257,1,cesse,wp,sese,mor,1
267,1,verse,wp,vErse,mor,1
16,NA,payé,sw,pej@,mor/adom,1
72,NA,glisserai,sw,glisera,mor/bvom/rneg,1
270,0,fini,wp,fin,mor/bvom/rneg,1
97,NA,grade,sw,grade,mor/cad,1
282,0,vente,wp,v@d,mor/cad,1
285,1,vise,wp,vize,mor/cad,1
283,1,perte,wp,perdu,mor/cad_vad,1
148,NA,placer,sw,plas,mor/cod/rneg,1
13,NA,brun,sw,bryn,mor/grv,1
34,NA,jeunesse,sw,Z*n,mor/rneg,1
38,NA,cracher,sw,kraS,mor/rneg,1
60,NA,rogner,sw,roN,mor/rneg,1
75,NA,rebondirons,sw,r*b§dir,mor/rneg,1
88,NA,clamer,sw,klam,mor/rneg,1
143,NA,criant,sw,krija,mor/rneg,1
146,NA,baiser,sw,bEz,mor/rneg,1
146,NA,baiser,sw,bEs,mor/rneg_sml,1
95,NA,boulette,sw,bule,mor/rneg/com,1
93,NA,boulangerie,sw,bul@Ze,mor/rneg/vom,1
93,NA,boulangerie,sw,bul@ZEr,mor/rneg/vom,1
40,NA,retrouverez,sw,r*truve,mor/sylom/rneg,1
72,NA,glisserai,sw,glisE,mor/sylom/rneg,1
143,NA,criant,sw,kri,mor/sylom/rneg,1
247,1,iras,wp,ire,mor/vad,1
257,1,cesse,wp,sEsa,mor/vad,1
282,0,vente,wp,v@dy,mor/vad_cad,1
35,NA,marcherions,sw,marS*r§,mor/vom,1
35,NA,marcherions,sw,marSEr§,mor/vom,1
124,NA,repartira,sw,r*partir,mor/vom/rneg,1
124,NA,repartira,sw,repartir,mor/vom/rneg,1
32,NA,frime,sw,frime,mor/vsub,1
121,NA,crie,sw,krije,mor/vsub,1
121,NA,crie,sw,krie,mor/vsub,1
124,NA,repartira,sw,r*partire,mor/vsub,1
252,0,grave,wp,grave,mor/vsub,1
168,NA,géont,pw,Zeo,rneg,1
197,NA,moigre,pw,mwa,rneg,1
19,NA,cesse,sw,s*,rneg,1
46,NA,sien,sw,si,rneg,1
76,NA,librairie,sw,libr,rneg,1
116,NA,portrait,sw,port,rneg,1
210,0,serra,wp,sEr,rneg,1
244,0,note,wp,no,rneg,1
257,1,cesse,wp,s*,rneg,1
260,0,manie,wp,man,rneg,1
260,0,manie,wp,m@,rneg,1
274,0,fasse,wp,fa,rneg,1
282,0,vente,wp,v*,rneg,1
285,1,vise,wp,vi,rneg,1
135,NA,pale,sw,pE,rneg/adom_vad,1
89,NA,pensant,sw,p@s,rneg/mor,1
130,NA,larguer,sw,larg,rneg/mor,1
75,NA,rebondirons,sw,r*b§di,rneg/mor/adom,1
162,NA,arbi,pw,arb,rneg/vom,1
204,0,bise,wp,biz*,sbs,1
205,1,vase,wp,vaz*,sbs,1
261,1,marge,wp,marZ*,sbs,1
282,0,vente,wp,v@t*,sbs,1
283,1,perte,wp,pErt*,sbs,1
18,NA,compte,sw,k§pr@dr*,sem,1
54,NA,directeur,sw,dokt*r,sem,1
55,NA,douzième,sw,duzEn,sem,1
55,NA,douzième,sw,d*zjEm,sem,1
76,NA,librairie,sw,lit*rEr,sem,1
84,NA,poêle,sw,pwale,sem,1
92,NA,mairie,sw,mErie,sem,1
105,NA,six,sw,sEt,sem,1
112,NA,cinquante,sw,kar@t,sem,1
112,NA,cinquante,sw,swas@t,sem,1
154,NA,quatorze,sw,kar@t,sem,1
75,NA,rebondirons,sw,r*b§dis§,sem/bvsub,1
21,NA,maîtresse,sw,mEtriz,sem/mor,1
45,NA,soixante-dix,sw,swas@t,sem/rneg,1
55,NA,douzième,sw,duz,sem/rneg,1
112,NA,cinquante,sw,s5k,sem/rneg,1
76,NA,librairie,sw,librer,sem/rneg/bvom,1
18,NA,compte,sw,k§te,sem/vsub,1
198,NA,ibole,pw,idol,sim,1
201,NA,rabio,pw,radio,sim,1
201,NA,rabio,pw,radjo,sim,1
209,1,dure,wp,byr,sim,1
217,1,poux,wp,du,sim,1
235,1,pile,wp,bil,sim,1
238,0,bout,wp,du,sim,1
272,0,dure,wp,byr,sim,1
276,0,boude,wp,b§d,sim,1
194,NA,mantou,pw,m@t§,sim_bod,1
217,1,poux,wp,bu,sim_cvoice,1
20,NA,bille,sw,pil,sim_gemom,1
191,NA,pulbic,pw,pylpi,sim/bsub_sml/rneg,1
62,NA,morte,sw,m§tr,sim/csub_clp,1
215,1,page,wp,baZ,sim/cvoice,1
279,1,rond,wp,ru,sim/vad_com,1
279,1,rond,wp,ruZ,sim/vad_csub,1
178,NA,gruse,pw,grys,sml,1
6,NA,scie,sw,ski,sml,1
7,NA,base,sw,bas,sml,1
8,NA,orge,sw,org,sml,1
24,NA,parfum,sw,parfym,sml,1
28,NA,coup,sw,kup,sml,1
29,NA,vers,sw,vErs,sml,1
61,NA,fille,sw,fil,sml,1
69,NA,ruse,sw,rys,sml,1
71,NA,album,sw,albym,sml,1
79,NA,case,sw,kas,sml,1
87,NA,tant,sw,t@t,sml,1
88,NA,clamer,sw,klamEr,sml,1
91,NA,poison,sw,pwas§,sml,1
94,NA,cousin,sw,kus5,sml,1
98,NA,gens,sw,g@,sml,1
104,NA,présent,sw,prez@t,sml,1
109,NA,asie,sw,asi,sml,1
113,NA,ose,sw,os,sml,1
120,NA,aisance,sw,Es@s,sml,1
120,NA,aisance,sw,es@s,sml,1
126,NA,ces,sw,sEs,sml,1
133,NA,raie,sw,raj,sml,1
138,NA,lange,sw,l@g,sml,1
139,NA,gars,sw,gar,sml,1
146,NA,baiser,sw,bese,sml,1
150,NA,désert,sw,desEr,sml,1
156,NA,trot,sw,trot,sml,1
204,0,bise,wp,bis,sml,1
205,1,vase,wp,vas,sml,1
228,0,mille,wp,mij,sml,1
231,1,reins,wp,r5s,sml,1
231,1,reins,wp,rEn,sml,1
231,1,reins,wp,rj5,vvlp,1
232,0,mont,wp,m§t,sml,1
238,0,bout,wp,but,sml,1
246,0,gris,wp,griz,sml,1
254,0,fous,wp,fus,sml,1
262,0,dont,wp,d§t,sml,1
266,0,verra,wp,v*ra,sml,1
285,1,vise,wp,vis,sml,1
155,NA,oignon,sw,wag§,sml_bom_gr,1
96,NA,revolver,sw,r*volte,sml_cad,1
146,NA,baiser,sw,bEs*,sml_com/adom,1
120,NA,aisance,sw,Es@,sml_com/rneg,1
130,NA,larguer,sw,larZ,sml_rneg,1
211,1,verre,wp,v*ra,sml_vad,1
194,NA,mantou,pw,manto,sml_vom/grv/rneg,1
79,NA,case,sw,kase,sml_vsub,1
3,NA,grand,sw,gr@d,sml/mor,1
147,NA,galet,sw,galEt,sml/mor,1
278,0,fend,wp,f@d,sml/mor,1
279,1,rond,wp,r§d,sml/mor,1
280,0,rends,wp,r@d,sml/mor,1
62,NA,morte,sw,mor,sml/mor/rneg,1
188,NA,proc,pw,pro,sml/rneg,1
31,NA,mars,sw,mar,sml/rneg,1
153,NA,accident,sw,asid,sml/rneg,1
257,1,cesse,wp,se,sml/rneg,1
128,NA,délivrer,sw,livre,sylom/lneg/mor,1
104,NA,présent,sw,pre,sylom/rneg,1
89,NA,pensant,sw,p@,sylom/rneg/mor,1
174,NA,pormis,pw,parmi,vad,1
190,NA,fotre,pw,futr,vad,1
197,NA,moigre,pw,mEgr*,vad,1
19,NA,cesse,sw,kas,vad,1
27,NA,linge,sw,l@g,vad,1
30,NA,volé,sw,vale,vad,1
85,NA,saule,sw,sul,vad,1
135,NA,pale,sw,paj,vad,1
135,NA,pale,sw,pEl,vad,1
143,NA,criant,sw,krj5,vad,1
156,NA,trot,sw,trwa,vad,1
202,0,balle,wp,baj,vad,1
202,0,balle,wp,bEl,vad,1
203,1,selle,wp,sal,vad,1
204,0,bise,wp,bEz,vad,1
205,1,vase,wp,viz,vad,1
206,0,murs,wp,mar,vad,1
208,0,dira,wp,dyra,vad,1
211,1,verre,wp,vEra,vad,1
212,0,malle,wp,maj,vad,1
216,0,peur,wp,pur,vad,1
218,0,mots,wp,mu,vad,1
218,0,mots,wp,mwa,vad,1
226,0,puis,wp,pwa,vad,1
229,1,folle,wp,fwa,vad,1
233,1,sent,wp,s§,vad,1
233,1,sent,wp,s5,vad,1
236,0,aime,wp,Eme,vad,1
238,0,bout,wp,bwa,vad,1
239,1,toit,wp,tu,vad,1
243,1,sais,wp,swa,vad,1
250,0,colle,wp,kul,vad,1
251,1,foule,wp,fol,vad,1
252,0,grave,wp,grEv,vad,1
253,1,brève,wp,brav,vad,1
257,1,cesse,wp,kas,vad,1
262,0,dont,wp,dwa,vad,1
274,0,fasse,wp,fos,vad,1
279,1,rond,wp,r@,vad,1
280,0,rends,wp,r§,vad,1
280,0,rends,wp,r§d,vad,1
287,1,foire,wp,fEr,vad,1
289,1,luit,wp,lE,vad,1
39,NA,crique,sw,krie,vad_cad,1
245,1,voie,wp,vot,vad_cad,1
282,0,vente,wp,f§t,vad_cad,1
13,NA,brun,sw,br8i,vad_com,1
259,1,file,wp,fwa,vad_com,1
140,NA,long,sw,l@g,vad_sml,1
204,0,bise,wp,bEs,vad_sml,1
226,0,puis,wp,pu,vad_vom,1
209,1,dure,wp,dira,vad_vsub,1
272,0,dure,wp,dira,vad_vsub,1
85,NA,saule,sw,sule,vad_vsub/cod,1
69,NA,ruse,sw,ryze,vad/mor,1
113,NA,ose,sw,oze,vad/mor,1
248,0,ferai,wp,f*ra,vad/mor,1
249,1,seras,wp,s*re,vad/mor,1
267,1,verse,wp,vErsa,vad/mor,1
280,0,rends,wp,r@dy,vad/mor,1
208,0,dira,wp,dir,vad/mor/rneg,1
258,0,fixa,wp,fiks,vad/mor/rneg,1
237,1,armé,wp,arm,vad/rneg,1
42,NA,près,sw,aprEs,vad/vod_sml,1
79,NA,case,sw,kEs,vad/vod_sml,1
7,NA,base,sw,bos,vad/vsub,1
79,NA,case,sw,koz,vad/vsub,1
129,NA,édition,sw,adisj§,vad/vsub,1
179,NA,matreau,pw,matr§,vadom,1
216,0,peur,wp,pEr,vadom,1
227,1,sois,wp,si,vadom,1
230,0,peine,wp,p5,vadom,1
234,0,aire,wp,ar,vadom,1
286,0,paire,wp,par,vadom,1
277,1,coule,wp,kol,vadom/grv,1
226,0,puis,wp,py,vadom/rneg,1
243,1,sais,wp,sa,vadom/rneg,1
169,NA,klapin,pw,kalp5,vlp,1
170,NA,pourte,pw,prut,vlp,1
171,NA,blacon,pw,balk§,vlp,1
174,NA,pormis,pw,promi,vlp,1
180,NA,corque,pw,krok,vlp,1
183,NA,troche,pw,torS,vlp,1
184,NA,glabe,pw,galb,vlp,1
188,NA,proc,pw,por,vlp,1
188,NA,proc,pw,pork,vlp,1
190,NA,fotre,pw,frot,vlp,1
193,NA,reprati,pw,r*parti,vlp,1
193,NA,reprati,pw,reparti,vlp,1
2,NA,onze,sw,zon,vlp,1
10,NA,maire,sw,mari,vlp,1
22,NA,piler,sw,plie,vlp,1
22,NA,piler,sw,plije,vlp,1
32,NA,frime,sw,firm,vlp,1
49,NA,pire,sw,piEr,vlp,1
49,NA,pire,sw,pri,vlp,1
52,NA,gare,sw,gra,vlp,1
56,NA,slave,sw,salv,vlp,1
64,NA,varie,sw,vEr,vlp,1
64,NA,varie,sw,vrE,vlp,1
77,NA,voilent,sw,vjol@,vlp,1
80,NA,prie,sw,pir,vlp,1
88,NA,clamer,sw,kalme,vlp,1
97,NA,grade,sw,gard,vlp,1
99,NA,porche,sw,proS,vlp,1
106,NA,teint,sw,tj5,vlp,1
107,NA,cirer,sw,krie,vlp,1
107,NA,cirer,sw,krije,vlp,1
108,NA,trier,sw,tire,vlp,1
121,NA,crie,sw,sir,vlp,1
132,NA,pari,sw,apri,vlp,1
139,NA,gars,sw,gra,vlp,1
139,NA,gars,sw,gars,vlp,1
144,NA,agile,sw,Egl*,vlp,1
144,NA,agile,sw,Egl,vlp,1
149,NA,fiable,sw,fEbl,vlp,1
149,NA,fiable,sw,fEbl*,vlp,1
152,NA,étiole,sw,etwal,vlp,1
160,NA,pelure,sw,pl*r,vlp,1
161,NA,calque,sw,klak,vlp,1
236,0,aime,wp,ami,vlp,1
255,1,tour,wp,tru,vlp,1
286,0,paire,wp,pari,vlp,1
144,NA,agile,sw,Egy,vlp_0,1
193,NA,reprati,pw,repartir,vlp_bod,1
41,NA,suave,sw,sove,vlp_cad,1
10,NA,maire,sw,marie,vlp_cad/cod,1
52,NA,gare,sw,gras,vlp_cad/cod,1
161,NA,calque,sw,klake,vlp_cad/vsub,1
188,NA,proc,pw,porS,vlp_clp,1
56,NA,slave,sw,sal,vlp_com,1
136,NA,poli,sw,pwa,vlp_com,1
107,NA,cirer,sw,kri,vlp_mor/rneg,1
160,NA,pelure,sw,pl*re,vlp_vlp/cad,1
120,NA,aisance,sw,asis,vlp/bod_vom/rneg,1
92,NA,mairie,sw,mari,vlp/bvod,1
36,NA,canton,sw,k§t,vlp/bvsub_vom/rneg,1
180,NA,corque,pw,kurt,vlp/vad_csub,1
30,NA,volé,sw,velo,vlpe,1
36,NA,canton,sw,k§t@,vlpe,1
115,NA,écrire,sw,ekrie,vlpe,1
136,NA,poli,sw,pwal,vlpe,1
131,NA,caillou,sw,ekut,vlpe_com_cod,1
140,NA,long,sw,lw5,vod,1
229,1,folle,wp,ful,vod,1
97,NA,grade,sw,grEv,vod_cad,1
122,NA,brise,sw,braj,vod_csub,1
261,1,marge,wp,mEgr,vod_vlp,1
170,NA,pourte,pw,port,vom,1
30,NA,volé,sw,vol,vom,1
41,NA,suave,sw,sav,vom,1
43,NA,automne,sw,atom,vom,1
46,NA,sien,sw,s@,vom,1
51,NA,rien,sw,r5,vom,1
63,NA,paire,sw,par,vom,1
77,NA,voilent,sw,vol,vom,1
78,NA,roue,sw,ro,vom,1
84,NA,poêle,sw,pEl,vom,1
84,NA,poêle,sw,pol,vom,1
92,NA,mairie,sw,marie,vom,1
152,NA,étiole,sw,etol,vom,1
248,0,ferai,wp,fre,vom,1
265,1,mais,wp,mi,vom,1
287,1,foire,wp,for,vom,1
94,NA,cousin,sw,kuizin,vom_bvsub_sml,1
185,NA,batiller,pw,bate,vom_com,1
22,NA,piler,sw,pil,vom_com,1
153,NA,accident,sw,aks@,vom_com,1
35,NA,marcherions,sw,marSij§,vom_com/mor,1
35,NA,marcherions,sw,marS§,vom_com/mor,1
242,0,soin,wp,so,vom_com/rneg,1
276,0,boude,wp,bot,vom_csub/cvoice,1
77,NA,voilent,sw,vole,vom_mor,1
77,NA,voilent,sw,vol@,vom_sml,1
160,NA,pelure,sw,p*le,vom_vlp,1
117,NA,ration,sw,rat§,vom/adom,1
200,NA,miatre,pw,mat,vom/adom_rneg,1
142,NA,chien,sw,Sj@,vom/grv,1
194,NA,mantou,pw,m@to,vom/grv/rneg,1
15,NA,patient,sw,pat@,vom/grv/rneg,1
115,NA,écrire,sw,krie,vom/lneg_vlpe,1
90,NA,finie,sw,fin,vom/mor,1
93,NA,boulangerie,sw,bul@Zer,vom/mor,1
136,NA,poli,sw,pol,vom/rneg,1
242,0,soin,wp,s§,vom/vadom,1
168,NA,géont,pw,Ze@,vsub,1
197,NA,moigre,pw,megr*,vsub,1
39,NA,crique,sw,krike,vsub,1
122,NA,brise,sw,brize,vsub,1
124,NA,repartira,sw,repartira,vsub,1
212,0,malle,wp,mali,vsub,1
253,1,brève,wp,br*ve,vsub,1
266,0,verra,wp,vEr,vsub,1
278,0,fend,wp,f5,vsub,1
282,0,vente,wp,v@te,vsub,1
167,NA,lagne,pw,l5N,vsub_clp,1
253,1,brève,wp,brize,vsub_csub,1
178,NA,gruse,pw,gros,vsub_sml,1
80,NA,prie,sw,prie,vsub/cod,1
209,1,dure,wp,dyra,vsub/mor,1
209,1,dure,wp,dyre,vsub/mor,1
272,0,dure,wp,dyra,vsub/mor,1
272,0,dure,wp,dyre,vsub/mor,1
200,NA,miatre,pw,mEtr,vvlp,1
41,NA,suave,sw,sov,vvlp,1
77,NA,voilent,sw,viol,vvlp,1
77,NA,voilent,sw,vijol@,vvlp,1
77,NA,voilent,sw,viol@,vvlp,1
130,NA,larguer,sw,larZ*r,vvlp,1
134,NA,loin,sw,lj§,vvlp,1
231,1,reins,wp,ri5,vvlp,1
162,NA,arbi,pw,arbi,CR,NA
163,NA,flache,pw,flaS,CR,NA
164,NA,noveau,pw,novo,CR,NA
165,NA,pocile,pw,posil,CR,NA
166,NA,trapide,pw,trapid,CR,NA
167,NA,lagne,pw,laN,CR,NA
168,NA,géont,pw,Ze§,CR,NA
169,NA,klapin,pw,klap5,CR,NA
170,NA,pourte,pw,purt,CR,NA
171,NA,blacon,pw,blak§,CR,NA
172,NA,hatiberai,pw,atib*rE,CR,NA
172,NA,hatiberai,pw,atibrE,CR,NA
173,NA,voclan,pw,vokl@,CR,NA
174,NA,pormis,pw,pormi,CR,NA
175,NA,anical,pw,anikal,CR,NA
176,NA,spil,pw,spil,CR,NA
177,NA,catron,pw,katr§,CR,NA
178,NA,gruse,pw,gryz,CR,NA
179,NA,matreau,pw,matro,CR,NA
180,NA,corque,pw,kork,CR,NA
181,NA,dummage,pw,dymaZ,CR,NA
182,NA,éballon,pw,ebal§,CR,NA
183,NA,troche,pw,troS,CR,NA
184,NA,glabe,pw,glab,CR,NA
185,NA,batiller,pw,batije,CR,NA
186,NA,truche,pw,tryS,CR,NA
187,NA,ovile,pw,ovil,CR,NA
188,NA,proc,pw,prok,CR,NA
189,NA,scolle,pw,skol,CR,NA
190,NA,fotre,pw,fotr*,CR,NA
191,NA,pulbic,pw,pylbik,CR,NA
192,NA,gaise,pw,gEz,CR,NA
193,NA,reprati,pw,r*prati,CR,NA
194,NA,mantou,pw,m@tu,CR,NA
195,NA,quafilie,pw,kafili,CR,NA
196,NA,socrier,pw,sokrie,CR,NA
197,NA,moigre,pw,mwagr*,CR,NA
198,NA,ibole,pw,ibol,CR,NA
199,NA,virtail,pw,virtaj,CR,NA
200,NA,miatre,pw,miatr*,CR,NA
201,NA,rabio,pw,rabio,CR,NA
1,NA,fin,sw,f5,CR,NA
2,NA,onze,sw,§z,CR,NA
3,NA,grand,sw,gr@,CR,NA
4,NA,race,sw,ras,CR,NA
5,NA,rose,sw,roz,CR,NA
6,NA,scie,sw,si,CR,NA
7,NA,base,sw,baz,CR,NA
8,NA,orge,sw,orZ,CR,NA
9,NA,enfer,sw,@fEr,CR,NA
10,NA,maire,sw,mEr,CR,NA
11,NA,chacun,sw,Sak1,CR,NA
12,NA,signe,sw,siN,CR,NA
13,NA,brun,sw,br1,CR,NA
14,NA,congé,sw,k§Ze,CR,NA
15,NA,patient,sw,pasj@,CR,NA
16,NA,payé,sw,peje,CR,NA
17,NA,pantin,sw,p@t5,CR,NA
18,NA,compte,sw,k§t,CR,NA
19,NA,cesse,sw,sEs,CR,NA
20,NA,bille,sw,bij,CR,NA
21,NA,maîtresse,sw,mEtrEs,CR,NA
22,NA,piler,sw,pile,CR,NA
23,NA,femme,sw,fam,CR,NA
24,NA,parfum,sw,parf1,CR,NA
25,NA,doigt,sw,dwa,CR,NA
26,NA,lapin,sw,lap5,CR,NA
27,NA,linge,sw,l5Z,CR,NA
28,NA,coup,sw,ku,CR,NA
29,NA,vers,sw,vEr,CR,NA
30,NA,volé,sw,vole,CR,NA
31,NA,mars,sw,mars,CR,NA
32,NA,frime,sw,frim,CR,NA
33,NA,monsieur,sw,m*sj*,CR,NA
34,NA,jeunesse,sw,Z*nEs,CR,NA
35,NA,marcherions,sw,marS*rij§,CR,NA
36,NA,canton,sw,k@t§,CR,NA
37,NA,tentait,sw,t@tE,CR,NA
38,NA,cracher,sw,kraSe,CR,NA
39,NA,crique,sw,krik,CR,NA
40,NA,retrouverez,sw,r*truvEre,CR,NA
41,NA,suave,sw,s8av,CR,NA
42,NA,près,sw,prE,CR,NA
43,NA,automne,sw,oton,CR,NA
44,NA,client,sw,klij@5,CR,NA
45,NA,soixante-dix,sw,swas@t-dis,CR,NA
46,NA,sien,sw,sj5,CR,NA
47,NA,rond,sw,r§,CR,NA
48,NA,deux,sw,d*,CR,NA
49,NA,pire,sw,pir,CR,NA
50,NA,sens,sw,s@s,CR,NA
51,NA,rien,sw,rj5,CR,NA
52,NA,gare,sw,gar,CR,NA
53,NA,chez,sw,Se,CR,NA
54,NA,directeur,sw,dirEkt*r,CR,NA
55,NA,douzième,sw,duzjEm,CR,NA
56,NA,slave,sw,slav,CR,NA
57,NA,pincera,sw,p5s*ra,CR,NA
58,NA,montagne,sw,m§taN,CR,NA
59,NA,igloo,sw,iglu,CR,NA
60,NA,rogner,sw,roNe,CR,NA
61,NA,fille,sw,fij,CR,NA
62,NA,morte,sw,mort,CR,NA
63,NA,paire,sw,pEr,CR,NA
64,NA,varie,sw,vari,CR,NA
65,NA,coeur,sw,k9r,CR,NA
66,NA,chandail,sw,S@daj,CR,NA
67,NA,magner,sw,maNe,CR,NA
68,NA,mais,sw,mE,CR,NA
69,NA,ruse,sw,ryz,CR,NA
70,NA,rasé,sw,raze,CR,NA
71,NA,album,sw,albom,CR,NA
72,NA,glisserai,sw,glis*rE,CR,NA
73,NA,qui,sw,ki,CR,NA
74,NA,partons,sw,part§,CR,NA
75,NA,rebondirons,sw,r*b§dir§,CR,NA
76,NA,librairie,sw,librEri,CR,NA
77,NA,voilent,sw,vwal,CR,NA
78,NA,roue,sw,ru,CR,NA
79,NA,case,sw,kaz,CR,NA
80,NA,prie,sw,pri,CR,NA
81,NA,mois,sw,mwa,CR,NA
82,NA,dans,sw,d@,CR,NA
83,NA,coule,sw,kul,CR,NA
84,NA,poêle,sw,pwal,CR,NA
85,NA,saule,sw,sol,CR,NA
86,NA,oeil,sw,9j,CR,NA
86,NA,oeil,sw,*j,CR,NA
87,NA,tant,sw,t@,CR,NA
88,NA,clamer,sw,klame,CR,NA
89,NA,pensant,sw,p@s@,CR,NA
90,NA,finie,sw,fini,CR,NA
91,NA,poison,sw,pwaz§,CR,NA
92,NA,mairie,sw,mEri,CR,NA
93,NA,boulangerie,sw,bul@Z*ri,CR,NA
94,NA,cousin,sw,kuz5,CR,NA
95,NA,boulette,sw,bulEt,CR,NA
96,NA,revolver,sw,revolvEr,CR,NA
97,NA,grade,sw,grad,CR,NA
98,NA,gens,sw,Z@,CR,NA
99,NA,porche,sw,porS,CR,NA
100,NA,encore,sw,@kor,CR,NA
101,NA,les,sw,le,CR,NA
102,NA,sept,sw,sEt,CR,NA
103,NA,patrie,sw,patri,CR,NA
104,NA,présent,sw,prez@,CR,NA
105,NA,six,sw,sis,CR,NA
106,NA,teint,sw,t5,CR,NA
107,NA,cirer,sw,sire,CR,NA
108,NA,trier,sw,trie,CR,NA
109,NA,asie,sw,azi,CR,NA
110,NA,cale,sw,kal,CR,NA
111,NA,pipe,sw,pip,CR,NA
112,NA,cinquante,sw,s5k@t,CR,NA
113,NA,ose,sw,oz,CR,NA
114,NA,emmener,sw,@m*ne,CR,NA
115,NA,écrire,sw,ekrir,CR,NA
116,NA,portrait,sw,portrE,CR,NA
117,NA,ration,sw,rasj§,CR,NA
118,NA,savant,sw,sav@,CR,NA
119,NA,écho,sw,eko,CR,NA
120,NA,aisance,sw,Ez@s,CR,NA
121,NA,crie,sw,kri,CR,NA
122,NA,brise,sw,briz,CR,NA
123,NA,trois,sw,trwa,CR,NA
124,NA,repartira,sw,r*partira,CR,NA
125,NA,bon,sw,b§,CR,NA
126,NA,ces,sw,se,CR,NA
127,NA,ail,sw,aj,CR,NA
128,NA,délivrer,sw,delivre,CR,NA
129,NA,édition,sw,edisj§,CR,NA
130,NA,larguer,sw,large,CR,NA
131,NA,caillou,sw,kaju,CR,NA
132,NA,pari,sw,pari,CR,NA
133,NA,raie,sw,rE,CR,NA
134,NA,loin,sw,lw5,CR,NA
135,NA,pale,sw,pal,CR,NA
136,NA,poli,sw,poli,CR,NA
137,NA,bain,sw,b5,CR,NA
138,NA,lange,sw,lanZ,CR,NA
139,NA,gars,sw,ga,CR,NA
140,NA,long,sw,l§,CR,NA
141,NA,renifle,sw,r*nifl*,CR,NA
142,NA,chien,sw,Sj5,CR,NA
143,NA,criant,sw,kri@,CR,NA
143,NA,criant,sw,krij@,CR,NA
144,NA,agile,sw,aZil,CR,NA
145,NA,lueur,sw,ly*r,CR,NA
146,NA,baiser,sw,beze,CR,NA
147,NA,galet,sw,gale,CR,NA
148,NA,placer,sw,plase,CR,NA
149,NA,fiable,sw,fiabl*,CR,NA
150,NA,désert,sw,dezEr,CR,NA
151,NA,aspect,sw,aspE,CR,NA
152,NA,étiole,sw,etiol,CR,NA
153,NA,accident,sw,aksid@,CR,NA
154,NA,quatorze,sw,katorz,CR,NA
155,NA,oignon,sw,onj§,CR,NA
156,NA,trot,sw,tro,CR,NA
157,NA,pourquoi,sw,purkwa,CR,NA
158,NA,dix,sw,dis,CR,NA
159,NA,geler,sw,Z*le,CR,NA
160,NA,pelure,sw,p*lyr,CR,NA
161,NA,calque,sw,kalk,CR,NA
202,0,balle,wp,bal,CR,NA
203,1,selle,wp,sEl,CR,NA
204,0,bise,wp,biz,CR,NA
205,1,vase,wp,vaz,CR,NA
206,0,murs,wp,myr,CR,NA
207,1,sers,wp,sEr,CR,NA
208,0,dira,wp,dira,CR,NA
209,1,dure,wp,dyr,CR,NA
210,0,serra,wp,sEra,CR,NA
211,1,verre,wp,vEr,CR,NA
212,0,malle,wp,mal,CR,NA
213,1,bille,wp,bij,CR,NA
214,0,cape,wp,kap,CR,NA
215,1,page,wp,paZ,CR,NA
216,0,peur,wp,p*r,CR,NA
217,1,poux,wp,pu,CR,NA
218,0,mots,wp,mo,CR,NA
219,1,pois,wp,pwa,CR,NA
220,0,liège,wp,ljEZ,CR,NA
222,0,doux,wp,du,CR,NA
223,1,peux,wp,p*,CR,NA
224,0,litre,wp,litr,CR,NA
224,0,litre,wp,litr*,CR,NA
225,1,vivre,wp,vivr*,CR,NA
226,0,puis,wp,p8i,CR,NA
227,1,sois,wp,swa,CR,NA
228,0,mille,wp,mil,CR,NA
229,1,folle,wp,fol,CR,NA
230,0,peine,wp,pEn,CR,NA
231,1,reins,wp,r5,CR,NA
232,0,mont,wp,m§,CR,NA
233,1,sent,wp,s@,CR,NA
234,0,aire,wp,Er,CR,NA
235,1,pile,wp,pil,CR,NA
236,0,aime,wp,Em,CR,NA
237,1,armé,wp,arme,CR,NA
238,0,bout,wp,bu,CR,NA
239,1,toit,wp,twa,CR,NA
240,0,lame,wp,lam,CR,NA
241,1,rime,wp,rim,CR,NA
242,0,soin,wp,sw5,CR,NA
243,1,sais,wp,sE,CR,NA
244,0,note,wp,not,CR,NA
245,1,voie,wp,vwa,CR,NA
246,0,gris,wp,gri,CR,NA
247,1,iras,wp,ira,CR,NA
248,0,ferai,wp,f*rE,CR,NA
249,1,seras,wp,s*ra,CR,NA
250,0,colle,wp,kol,CR,NA
251,1,foule,wp,ful,CR,NA
252,0,grave,wp,grav,CR,NA
253,1,brève,wp,brEv,CR,NA
254,0,fous,wp,fu,CR,NA
255,1,tour,wp,tur,CR,NA
256,0,masse,wp,mas,CR,NA
257,1,cesse,wp,sEs,CR,NA
258,0,fixa,wp,fiksa,CR,NA
259,1,file,wp,fil,CR,NA
260,0,manie,wp,mani,CR,NA
261,1,marge,wp,marZ,CR,NA
262,0,dont,wp,d§,CR,NA
263,1,vent,wp,v@,CR,NA
264,0,fois,wp,fwa,CR,NA
266,0,verra,wp,vEra,CR,NA
267,1,verse,wp,vErs,CR,NA
268,0,faute,wp,fot,CR,NA
269,1,sauve,wp,sov,CR,NA
270,0,fini,wp,fini,CR,NA
271,1,mine,wp,min,CR,NA
272,0,dure,wp,dyr,CR,NA
273,1,pire,wp,pir,CR,NA
274,0,fasse,wp,fas,CR,NA
275,1,bosse,wp,bos,CR,NA
276,0,boude,wp,bud,CR,NA
277,1,coule,wp,kul,CR,NA
278,0,fend,wp,f@,CR,NA
279,1,rond,wp,r§,CR,NA
280,0,rends,wp,r@,CR,NA
281,1,vendu,wp,v@dy,CR,NA
282,0,vente,wp,v@t,CR,NA
283,1,perte,wp,pErt,CR,NA
284,0,aide,wp,Ed,CR,NA
285,1,vise,wp,viz,CR,NA
286,0,paire,wp,pEr,CR,NA
287,1,foire,wp,fwar,CR,NA
288,0,fait,wp,fE,CR,NA
289,1,luit,wp,l8i,CR,NA
169,NA,klapin,pw,glapi,cad/cvoice_grv/rneg,0
191,NA,pulbic,pw,pybik,clom,0
199,NA,virtail,pw,vitaj,clom,0
130,NA,larguer,sw,lage,clom,0
199,NA,virtail,pw,vitEj,clom_sml,0
173,NA,voclan,pw,vlok@,clp,0
189,NA,scolle,pw,ksol,clp,0
189,NA,scolle,pw,slok,clp,0
193,NA,reprati,pw,r*patri,clp,0
196,NA,socrier,pw,sorkie,clp,0
196,NA,socrier,pw,sorkje,clp,0
199,NA,virtail,pw,vitraj,clp,0
151,NA,aspect,sw,apsE,clp,0
196,NA,socrier,pw,skrorjEr,clp_0,0
75,NA,rebondirons,sw,r@b§dis*r§,clp_bod,0
172,NA,hatiberai,pw,abit*b*re,clp_bod_bvod,0
172,NA,hatiberai,pw,abit*bErE,clp_bod_bvod,0
195,NA,quafilie,pw,kalifili,clp_bod_bvod,0
173,NA,voclan,pw,volkal,clp_bsub,0
196,NA,socrier,pw,sorsi,clp_com,0
151,NA,aspect,sw,akse,clp_com,0
178,NA,gruse,pw,glyrs,clp_csub,0
199,NA,virtail,pw,vatrEl,clp_sml,0
199,NA,virtail,pw,vitrEj,clp_sml,0
151,NA,aspect,sw,apset,clp_sml,0
199,NA,virtail,pw,vitiral,clp_vlp,0
151,NA,aspect,sw,apEs,clp_vlp_com,0
12,NA,signe,sw,sinZ,clp/gr,0
67,NA,magner,sw,manZe,clp/gr,0
188,NA,proc,pw,pokr,clpe,0
172,NA,hatiberai,pw,@tib*rE,cod,0
179,NA,matreau,pw,m@tro,cod,0
189,NA,scolle,pw,skole,cod,0
192,NA,gaise,pw,glEz,cod,0
197,NA,moigre,pw,mw5gr,cod,0
197,NA,moigre,pw,mw5gr*,cod,0
197,NA,moigre,pw,mwaNgr,cod,0
197,NA,moigre,pw,mwangr,cod,0
200,NA,miatre,pw,migiatr,cod,0
6,NA,scie,sw,Si,cod,0
75,NA,rebondirons,sw,r*b§disr§,cod,0
76,NA,librairie,sw,l5brEri,cod,0
83,NA,coule,sw,kurl,cod,0
106,NA,teint,sw,t5N,cod,0
149,NA,fiable,sw,fi@bl,cod,0
173,NA,voclan,pw,vok§,cod_bvod,0
168,NA,géont,pw,Zemo,cod_rneg,0
197,NA,moigre,pw,mwaN,cod_rneg,0
192,NA,gaise,pw,glEs,cod_sml,0
103,NA,patrie,sw,patrie,cod/bod,0
203,1,selle,wp,sElz,cod/bsub,0
197,NA,moigre,pw,mwan,cod/rneg,0
182,NA,éballon,pw,eba§,com,0
196,NA,socrier,pw,sokiEr,com,0
196,NA,socrier,pw,sorjEr,com,0
12,NA,signe,sw,siZ,com,0
37,NA,tentait,sw,t@e,com,0
67,NA,magner,sw,maZe,com,0
76,NA,librairie,sw,libEri,com,0
96,NA,revolver,sw,revole,com,0
261,1,marge,wp,maZ,com,0
185,NA,batiller,pw,bailie,com_bvod,0
57,NA,pincera,sw,5sa,com_vom,0
114,NA,emmener,sw,EmEr,com_vom,0
185,NA,batiller,pw,balde,com_vom_cod,0
2,NA,onze,sw,oz,com/adom,0
169,NA,klapin,pw,klapi,com/rneg,0
165,NA,pocile,pw,vosil,csub,0
166,NA,trapide,pw,trapir,csub,0
176,NA,spil,pw,spin,csub,0
176,NA,spil,pw,spis,csub,0
180,NA,corque,pw,kort,csub,0
200,NA,miatre,pw,miag,csub,0
19,NA,cesse,sw,rEs,csub,0
117,NA,ration,sw,razion,csub,0
244,0,note,wp,mot,csub,0
172,NA,hatiberai,pw,kabib*re,csub_bod,0
172,NA,hatiberai,pw,katibErE,csub_bvod,0
177,NA,catron,pw,kalt§,csub_com,0
159,NA,geler,sw,rEl,csub_rneg,0
88,NA,clamer,sw,klane,csub/cad,0
185,NA,batiller,pw,badije,csub/cvoice,0
163,NA,flache,pw,vlaS,cvoice,0
169,NA,klapin,pw,glap5,cvoice,0
171,NA,blacon,pw,blag§,cvoice,0
172,NA,hatiberai,pw,adib*rE,cvoice,0
173,NA,voclan,pw,vogl@,cvoice,0
181,NA,dummage,pw,dymaS,cvoice,0
184,NA,glabe,pw,klab,cvoice,0
131,NA,caillou,sw,galu,cvoice_gemom,0
178,NA,gruse,pw,kryz,cvoice/cad,0
197,NA,moigre,pw,mwakr,cvoice/cad,0
148,NA,placer,sw,blase,cvoice/cad,0
182,NA,éballon,pw,epal§,cvoice/sim,0
185,NA,batiller,pw,patije,cvoice/sim,0
195,NA,quafilie,pw,gafili,cvoice/sim,0
195,NA,quafilie,pw,gafiliz,cvoice/sim_cod,0
166,NA,trapide,pw,trabik,cvoice/sim_csub,0
185,NA,batiller,pw,pasjale,cvoice/sim_sml_bvod_gemom,0
180,NA,corque,pw,korg,cvoice/sim/cad,0
187,NA,ovile,pw,ovi,gemod/rneg,0
185,NA,batiller,pw,batile,gemom,0
72,NA,glisserai,sw,gliz*rE,gemom,0
72,NA,glisserai,sw,glizrE,gemom,0
153,NA,accident,sw,asid@,gemom,0
275,1,bosse,wp,boz,gemom,0
185,NA,batiller,pw,batil,gemom_mor/rneg,0
185,NA,batiller,pw,batil*r,gemom_sml/grv,0
35,NA,marcherions,sw,mark*rij§,gr,0
167,NA,lagne,pw,laZ,gr/com,0
142,NA,chien,sw,sj@,gr/com_grv,0
169,NA,klapin,pw,klapin,grv,0
171,NA,blacon,pw,blakon,grv,0
172,NA,hatiberai,pw,atib*ra,grv,0
172,NA,hatiberai,pw,atib*ri,grv,0
197,NA,moigre,pw,m§gr*,grv,0
15,NA,patient,sw,pati5,grv,0
15,NA,patient,sw,patj5,grv,0
46,NA,sien,sw,sij@,grv,0
46,NA,sien,sw,sj@,grv,0
114,NA,emmener,sw,*m*ne,grv,0
114,NA,emmener,sw,em*ne,grv,0
114,NA,emmener,sw,emane,grv,0
114,NA,emmener,sw,emEne,grv,0
120,NA,aisance,sw,az@s,grv,0
127,NA,ail,sw,ajl,grv,0
130,NA,larguer,sw,largEr,grv,0
278,0,fend,wp,fEnd,grv,0
114,NA,emmener,sw,*m@se,grv_cad,0
66,NA,chandail,sw,S@de,grv_com/rneg,0
46,NA,sien,sw,sj@§,grv/adod,0
60,NA,rogner,sw,rogne,grv/sml,0
60,NA,rogner,sw,roNEr,grv/sml,0
66,NA,chandail,sw,S@dal,grv/vom,0
155,NA,oignon,sw,iN§,lneg,0
220,0,liège,wp,iEZ,lneg,0
269,1,sauve,wp,ov,lneg,0
35,NA,marcherions,sw,arS§,lneg_com_vom,0
221,1,singe,wp,iEZ,lneg_vad_com,0
196,NA,socrier,pw,kori,lneg_vlp_rneg,0
46,NA,sien,sw,sjEn,mor/grv,0
114,NA,emmener,sw,@mEn,mor/rneg,0
40,NA,retrouverez,sw,r*truvEr,mor/sylom/rneg,0
167,NA,lagne,pw,lag,rneg,0
168,NA,géont,pw,geo,rneg,0
172,NA,hatiberai,pw,atib,rneg,0
185,NA,batiller,pw,bati,rneg,0
188,NA,proc,pw,pr,rneg,0
151,NA,aspect,sw,asp,rneg,0
275,1,bosse,wp,bo,rneg/adom,0
79,NA,case,sw,ka,rneg/com,0
184,NA,glabe,pw,glad,sim,0
75,NA,rebondirons,sw,rep§dir§,sim,0
120,NA,aisance,sw,ajz@s,sim,0
130,NA,larguer,sw,l@ge,sim,0
208,0,dira,wp,pira,sim,0
194,NA,mantou,pw,mant§,sim_bod,0
219,1,pois,wp,bwas,sim_sml,0
208,0,dira,wp,bir,sim_vad/rneg,0
188,NA,proc,pw,bork,sim_vlp,0
195,NA,quafilie,pw,pafil,sim_vom,0
276,0,boude,wp,dud,sim/bsub,0
131,NA,caillou,sw,kaj§,sim/cad,0
166,NA,trapide,pw,trabid,sim/cvoice,0
146,NA,baiser,sw,pose,sim/cvoice_vsub,0
171,NA,blacon,pw,plak§,sim/cvoice/cad,0
165,NA,pocile,pw,pokil,sml,0
168,NA,géont,pw,ge§,sml,0
171,NA,blacon,pw,blas§,sml,0
173,NA,voclan,pw,voklan,sml,0
173,NA,voclan,pw,vosl@,sml,0
174,NA,pormis,pw,pormis,sml,0
175,NA,anical,pw,anisal,sml,0
181,NA,dummage,pw,dymag,sml,0
185,NA,batiller,pw,batilEr,sml,0
192,NA,gaise,pw,gEjs,sml,0
192,NA,gaise,pw,gEs,sml,0
192,NA,gaise,pw,ZEz,sml,0
192,NA,gaise,pw,ZEs,sml,0
196,NA,socrier,pw,sokriEr,sml,0
196,NA,socrier,pw,sosrie,sml,0
197,NA,moigre,pw,mwaZgr*,sml,0
199,NA,virtail,pw,virtEj,sml,0
199,NA,virtail,pw,virtEl,sml,0
5,NA,rose,sw,ros,sml,0
14,NA,congé,sw,k§ge,sml,0
14,NA,congé,sw,konge,sml,0
15,NA,patient,sw,pati@,sml,0
15,NA,patient,sw,patj@,sml,0
16,NA,payé,sw,paje,sml,0
18,NA,compte,sw,k§pt,sml,0
19,NA,cesse,sw,s*s,sml,0
22,NA,piler,sw,pilEr,sml,0
23,NA,femme,sw,fEm,sml,0
33,NA,monsieur,sw,m§sj*r,sml,0
35,NA,marcherions,sw,marSErj§,sml,0
39,NA,crique,sw,srik,sml,0
41,NA,suave,sw,zyav,sml,0
43,NA,automne,sw,otomn*,sml,0
46,NA,sien,sw,si@,sml,0
59,NA,igloo,sw,iglo,sml,0
66,NA,chandail,sw,S@dEj,sml,0
67,NA,magner,sw,magn*r,sml,0
70,NA,rasé,sw,rase,sml,0
77,NA,voilent,sw,vwaj,sml,0
77,NA,voilent,sw,vwal@,sml,0
84,NA,poêle,sw,poEl,sml,0
84,NA,poêle,sw,pwEl,sml,0
89,NA,pensant,sw,p@z@,sml,0
96,NA,revolver,sw,revolve,sml,0
102,NA,sept,sw,sEpt,sml,0
105,NA,six,sw,siks,sml,0
117,NA,ration,sw,rati§,sml,0
117,NA,ration,sw,ratj§,sml,0
117,NA,ration,sw,ratsj§,sml,0
119,NA,écho,sw,eSo,sml,0
122,NA,brise,sw,bris,sml,0
127,NA,ail,sw,ail,sml,0
129,NA,édition,sw,editj§,sml,0
138,NA,lange,sw,lang,sml,0
140,NA,long,sw,l§g,sml,0
147,NA,galet,sw,Zale,sml,0
151,NA,aspect,sw,aspEk,sml,0
151,NA,aspect,sw,aspEkt,sml,0
152,NA,étiole,sw,esiol,sml,0
152,NA,étiole,sw,esjol,sml,0
155,NA,oignon,sw,waN§,sml,0
155,NA,oignon,sw,oiN§,sml,0
158,NA,dix,sw,diks,sml,0
159,NA,geler,sw,g*le,sml,0
159,NA,geler,sw,gele,sml,0
161,NA,calque,sw,kalk*,sml,0
212,0,malle,wp,mal*,sml,0
226,0,puis,wp,p8is,sml,0
232,0,mont,wp,mont,sml,0
235,1,pile,wp,pij,sml,0
247,1,iras,wp,iras,sml,0
249,1,seras,wp,sEras,sml,0
257,1,cesse,wp,s*s,sml,0
257,1,cesse,wp,s*s*,sml,0
261,1,marge,wp,marg,sml,0
289,1,luit,wp,lyit,sml,0
289,1,luit,wp,l8it,sml,0
175,NA,anical,pw,@isa,sml_adom,0
96,NA,revolver,sw,r*volvre,sml_bod,0
96,NA,revolver,sw,r*vole,sml_bom/com,0
197,NA,moigre,pw,mwaZir,sml_bvod,0
41,NA,suave,sw,syave,sml_cad,0
96,NA,revolver,sw,revolEt,sml_cad,0
43,NA,automne,sw,otom,sml_com,0
96,NA,revolver,sw,renolve,sml_csub,0
144,NA,agile,sw,agij,sml_gemod,0
221,1,singe,wp,s5g,sml_gr,0
96,NA,revolver,sw,r*volve,sml_grv,0
199,NA,virtail,pw,virtai,sml_grv/com/rneg,0
199,NA,virtail,pw,virtE,sml_grv/com/rneg,0
120,NA,aisance,sw,as@s,sml_grv/vom,0
151,NA,aspect,sw,espEk,sml_vad,0
141,NA,renifle,sw,r@flif,sml_vlp_bod,0
159,NA,geler,sw,glE,sml_vlp/bvom,0
119,NA,écho,sw,eSu,sml_vod,0
151,NA,aspect,sw,aspEkte,sml_vod,0
193,NA,reprati,pw,r*prasj§,sml_vod_cod,0
70,NA,rasé,sw,ras,sml_vom/rneg,0
44,NA,client,sw,sli@t,sml/cad,0
71,NA,album,sw,alb1,sml/csub,0
195,NA,quafilie,pw,kafi,sylom,0
196,NA,socrier,pw,sokri,sylom,0
45,NA,soixante-dix,sw,swadis,sylom,0
181,NA,dummage,pw,dumaZ,vad,0
183,NA,troche,pw,tr§S,vad,0
184,NA,glabe,pw,glob,vad,0
191,NA,pulbic,pw,polbik,vad,0
14,NA,congé,sw,k§Zj5,vad,0
41,NA,suave,sw,suav,vad,0
41,NA,suave,sw,suaz,vad,0
57,NA,pincera,sw,p§sera,vad,0
70,NA,rasé,sw,ryze,vad,0
85,NA,saule,sw,s*l,vad,0
113,NA,ose,sw,ose,vad,0
138,NA,lange,sw,l§Z,vad,0
138,NA,lange,sw,l5j,vad,0
160,NA,pelure,sw,palyr,vad,0
212,0,malle,wp,mail,vad,0
212,0,malle,wp,mEl,vad,0
229,1,folle,wp,fwal,vad,0
233,1,sent,wp,sEn,vad,0
237,1,armé,wp,Erme,vad,0
263,1,vent,wp,v§,vad,0
278,0,fend,wp,f§,vad,0
200,NA,miatre,pw,moltr,vad_cad,0
41,NA,suave,sw,suave,vad_cad,0
122,NA,brise,sw,brwa,vad_rneg,0
96,NA,revolver,sw,r*vwale,vad_sml,0
46,NA,sien,sw,sw5,vad_vom,0
118,NA,savant,sw,sovat,vad/vsub_com,0
177,NA,catron,pw,kar§,vadom_com,0
164,NA,noveau,pw,n*vo,vlp,0
176,NA,spil,pw,spli,vlp,0
182,NA,éballon,pw,eblal§,vlp,0
197,NA,moigre,pw,mogri,vlp,0
199,NA,virtail,pw,vritaj,vlp,0
201,NA,rabio,pw,rabwa,vlp,0
33,NA,monsieur,sw,monis*r,vlp,0
35,NA,marcherions,sw,marS*rinos,vlp,0
35,NA,marcherions,sw,marSir§,vlp,0
35,NA,marcherions,sw,marS*rw5,vlp,0
35,NA,marcherions,sw,marSErw5,vlp,0
44,NA,client,sw,kline,vlp,0
59,NA,igloo,sw,igol,vlp,0
77,NA,voilent,sw,voli,vlp,0
106,NA,teint,sw,t*ni,vlp,0
106,NA,teint,sw,ti@,vlp,0
116,NA,portrait,sw,portEr,vlp,0
117,NA,ration,sw,rEtj§,vlp,0
141,NA,renifle,sw,r@fil,vlp,0
151,NA,aspect,sw,asEp,vlp,0
154,NA,quatorze,sw,katroz,vlp,0
220,0,liège,wp,ligE,vlp,0
259,1,file,wp,fli,vlp,0
191,NA,pulbic,pw,plyblik,vlp_bod,0
193,NA,reprati,pw,r*partri,vlp_bod,0
117,NA,ration,sw,rotasj§,vlp_bod,0
184,NA,glabe,pw,gabal,vlp_bvod,0
136,NA,poli,sw,pwa5,vlp_cad,0
199,NA,virtail,pw,valtri,vlp_clp_vom,0
253,1,brève,wp,bEr,vlp_cod,0
196,NA,socrier,pw,skorie,vlp_com,0
60,NA,rogner,sw,roZEn,vlp_com,0
178,NA,gruse,pw,gyr,vlp_rneg,0
267,1,verse,wp,vr*,vlp_rneg,0
184,NA,glabe,pw,gald,vlp_sim,0
161,NA,calque,sw,klag,vlp_sim/cvoice,0
146,NA,baiser,sw,basje,vlp_sml,0
76,NA,librairie,sw,libEr*ri,vlp_vod,0
94,NA,cousin,sw,kiz@,vlp_vom_grv,0
174,NA,pormis,pw,prome,vlp_vsub,0
160,NA,pelure,sw,p*lyre,vlp/cad,0
175,NA,anical,pw,@kali,vlpe,0
127,NA,ail,sw,ali,vlpe,0
182,NA,éballon,pw,ebaj§,vod,0
182,NA,éballon,pw,ebalj§,vod,0
184,NA,glabe,pw,glEb,vod,0
186,NA,truche,pw,truS,vod,0
189,NA,scolle,pw,Eskol,vod,0
189,NA,scolle,pw,skul,vod,0
198,NA,ibole,pw,ibul,vod,0
97,NA,grade,sw,grEd,vod,0
203,1,selle,wp,sej,vod,0
253,1,brève,wp,brijEv,vod,0
13,NA,brun,sw,bryi,vod_csub,0
289,1,luit,wp,l*t,vod_vom,0
57,NA,pincera,sw,pr5s*rE,vod/vsub,0
182,NA,éballon,pw,ebl§,vom,0
196,NA,socrier,pw,socre,vom,0
196,NA,socrier,pw,sokre,vom,0
197,NA,moigre,pw,mogr,vom,0
197,NA,moigre,pw,mogr*,vom,0
200,NA,miatre,pw,matr,vom,0
55,NA,douzième,sw,duzim,vom,0
127,NA,ail,sw,al,vom,0
143,NA,criant,sw,krin,vom,0
220,0,liège,wp,lEZ,vom,0
260,0,manie,wp,m@*,vom,0
197,NA,moigre,pw,mogrE,vom_cad,0
144,NA,agile,sw,aZ,vom_com,0
131,NA,caillou,sw,kalu,vom_gemom,0
130,NA,larguer,sw,larZe,vom/grv,0
164,NA,noveau,pw,nov,vom/rneg,0
164,NA,noveau,pw,nov*,vom/rneg,0
175,NA,anical,pw,anikl*,vom/vad,0
175,NA,anical,pw,anikl,vom/vad,0
168,NA,géont,pw,Z@,vsub,0
174,NA,pormis,pw,porme,vsub,0
193,NA,reprati,pw,reprati,vsub,0
19,NA,cesse,sw,sEsa,vsub,0
71,NA,album,sw,alb5,vsub,0
104,NA,présent,sw,prez§,vsub,0
114,NA,emmener,sw,am*ne,vsub,0
136,NA,poli,sw,poly,vsub,0
160,NA,pelure,sw,pelyr,vsub,0
281,1,vendu,wp,v@di,vsub,0
260,0,manie,wp,mania,vsub/mor,0
266,0,verra,wp,vErE,vsub/mor,0
118,NA,savant,sw,sov@,vsub/vad,0
35,NA,marcherions,sw,marS*rwan,vvlp,0
41,NA,suave,sw,sayv,vvlp,0
130,NA,larguer,sw,larg*r,vvlp,0
231,1,reins,wp,riEn,vvlp,0
187,NA,ovile,pw,ivoli,vvlp_bvod,0
173,NA,voclan,pw,valk§,vvlp_clp,0
173,NA,voclan,pw,vlac§,vvlp_clp,0
199,NA,virtail,pw,virtia,vvlp_com/rneg,0
77,NA,voilent,sw,vjole,vvlp_grv,0
192,NA,gaise,pw,Zes,sml,0
